ID,ESTADO,FECHA,NO. DE DIA,NO DE SEMANA,MES,AREA,MAQUINA,SOLICITANTE,HORA SOLICITA,PRIORIDAD,FALLA,TIPO,PARO MAQUINA,TECNICOS,ASIGNADO FECHA,ASIGNADO HORA,CONFIRMADO EN SITIO,FECHA ENTREGA,HORA DE ENTREGA,INICIO REPARACION FECHA,INICIO REPARACION HORA,TIEMPO ESPERA (MIN),TIEMPO ESPERA (h),TIEMPO REPARACION (MIN),TIEMPO REPARACION (h),DURACION TOTAL (h),PROBLEMA,MANTENIMIENTO,REFACCIONES,TURNO PRODUCCION,OBSERVACIONES,HISTORIAL
1,Pendiente,24/08/2026,Martes,35,Agosto,BOLSEO,CH1,RODRIGO ALEJANDRO RODRIGUEZ TINAJERO,23:00,Alta,,CORRECTIVO,,CASTRO MENDOZA PAMELA YOSELIN / JORGE VEGA,,,No,,,,,,,,,,Reparar Mesa de trabajo ,,,,,Solicitado @ 2026-08-25 23:00 → Asignado (CASTRO MENDOZA PAMELA YOSELIN) @ 2026-08-25 23:04 → Asignación cancelada @ 2026-08-25 23:04 → Asignado (JORGE VEGA) @ 2026-09-02 13:53 → Asignación cancelada @ 2026-09-02 13:53
2,Pendiente,24/08/2026,Martes,35,Agosto,BOLSEO,CH1,RODRIGO ALEJANDRO RODRIGUEZ TINAJERO,23:01,Alta,,CORRECTIVO,,CASTRO MENDOZA PAMELA YOSELIN,,,No,,,,,,,,,,Reparar Mesa de trabajo ,,,,,Solicitado @ 2026-08-25 23:01 → Asignado (CASTRO MENDOZA PAMELA YOSELIN) @ 2026-08-25 23:02 → Asignación cancelada @ 2026-08-25 23:07
3,Pausado,24/08/2026,Martes,35,Agosto,BOLSEO,Ch1,RODRIGO ALEJANDRO RODRIGUEZ TINAJERO,23:06,Alta,,CORRECTIVO,,CASTRO MENDOZA PAMELA YOSELIN,25/08/2026,23:07,Sí,,,25/08/2026,23:46,40,0.67,,,,Reparar Mesa de trabajo ,,,,,Solicitado @ 2026-08-25 23:06 → Asignado (CASTRO MENDOZA PAMELA YOSELIN) @ 2026-08-25 23:07 → Confirmado en sitio (CASTRO MENDOZA PAMELA YOSELIN) @ 2026-08-25 23:46 → Confirmado en sitio (CASTRO MENDOZA PAMELA YOSELIN) @ 2026-08-25 23:46 → Pausado @ 2026-08-25 23:47
4,Pendiente,24/08/2026,Martes,35,Agosto,BOLSEO,G,Luis Carcamo ,23:17,Moderada,,CORRECTIVO,,,,,No,,,,,,,,,,Se regresa el material a la hora del avance ,,,,,Solicitado @ 2026-08-25 23:17
5,Pausado,24/08/2026,Martes,35,Agosto,BOLSEO,G,Luis Carcamo ,23:17,Moderada,,CORRECTIVO,,ALEJANDRO RODRIGUEZ TINAJERO,25/08/2026,23:43,Sí,,,25/08/2026,23:44,27,0.45,,,,Se regresa el material a la hora del avance ,,,,,Solicitado @ 2026-08-25 23:17 → Asignado (ALEJANDRO RODRIGUEZ TINAJERO) @ 2026-08-25 23:43 → Confirmado en sitio (ALEJANDRO RODRIGUEZ TINAJERO) @ 2026-08-25 23:44 → Confirmado en sitio (ALEJANDRO RODRIGUEZ TINAJERO) @ 2026-08-25 23:44 → Pausado @ 2026-08-25 02:35 → Reanudado (ALEJANDRO RODRIGUEZ TINAJERO) @ 2026-08-25 03:33 → Pausado @ 2026-08-25 22:58
6,Pausado,24/08/2026,Martes,35,Agosto,BOLSEO,SDAI 8,Angel l,23:33,Alta,,CORRECTIVO,,CASTRO MENDOZA PAMELA YOSELIN,25/08/2026,23:48,Sí,,,25/08/2026,23:51,18,0.3,,,,No giran las bandas parece ser el engrane,,,,,Solicitado @ 2026-08-25 23:33 → Asignado (CASTRO MENDOZA PAMELA YOSELIN) @ 2026-08-25 23:48 → Confirmado en sitio (CASTRO MENDOZA PAMELA YOSELIN) @ 2026-08-25 23:51 → Confirmado en sitio (CASTRO MENDOZA PAMELA YOSELIN) @ 2026-08-25 23:51 → Confirmado en sitio (CASTRO MENDOZA PAMELA YOSELIN) @ 2026-08-25 23:51 → Confirmado en sitio (CASTRO MENDOZA PAMELA YOSELIN) @ 2026-08-25 23:51 → Confirmado en sitio (CASTRO MENDOZA PAMELA YOSELIN) @ 2026-08-25 23:51 → Confirmado en sitio (CASTRO MENDOZA PAMELA YOSELIN) @ 2026-08-25 23:51 → Confirmado en sitio (CASTRO MENDOZA PAMELA YOSELIN) @ 2026-08-25 23:51 → Confirmado en sitio (CASTRO MENDOZA PAMELA YOSELIN) @ 2026-08-25 23:51 → Confirmado en sitio (CASTRO MENDOZA PAMELA YOSELIN) @ 2026-08-25 23:51 → Pausado @ 2026-08-25 02:35 → Reanudado (CASTRO MENDOZA PAMELA YOSELIN) @ 2026-08-25 09:55 → Pausado @ 2026-08-25 09:58
7,Pausado,24/08/2026,Martes,35,Agosto,IMPRESION,F4-2,RODRIGO ALEJANDRO RODRIGUEZ TINAJERO,23:49,Alta,,CORRECTIVO,,ROBERTO BADILLO / VICTOR ALFARO,25/08/2026,23:51,Sí,,,25/08/2026,23:55,6,0.1,,,,Falla  botonera y fuga de aire,,,,,Solicitado @ 2026-08-25 23:49 → Asignado (ROBERTO BADILLO/VICTOR ALFARO) @ 2026-08-25 23:51 → Confirmado en sitio (ROBERTO BADILLO/VICTOR ALFARO) @ 2026-08-25 23:55 → Pausado @ 2026-08-25 02:35
8,Cerrado,25/08/2026,Martes,35,Agosto,BOLSEO,G,Luis Carcamo ,03:27,Moderada,MECANICO,CORRECTIVO,SI,ROBERTO BADILLO / CASTRO MENDOZA PAMELA YOSELIN,25/08/2026,03:30,Sí,25/08/2026,06:32,25/08/2026,03:31,4,0.07,181,3.02,3.09,Reposición de bandas jaladoras de material ,Se cambian bandas transportadoras y se repara base del tensador,,3°,,Solicitado @ 2026-08-25 03:27 → Asignado (ROBERTO BADILLO/CASTRO MENDOZA PAMELA YOSELIN) @ 2026-08-25 03:30 → Confirmado en sitio (ROBERTO BADILLO/CASTRO MENDOZA PAMELA YOSELIN) @ 2026-08-25 03:31 → Confirmado en sitio (ROBERTO BADILLO/CASTRO MENDOZA PAMELA YOSELIN) @ 2026-08-25 03:31 → Cerrado @ 2026-08-25 06:32
10,Cerrado,25/08/2026,Martes,35,Agosto,BOLSEO,SDAI 9,ANDRES HERNANDEZ GUTIERREZ,08:46,Moderada,HIDRAULICO,CORRECTIVO,SI,ISMAEL BERMUDEZ,25/08/2026,08:56,Sí,25/08/2026,10:34,25/08/2026,08:53,7,0.12,101,1.68,1.8,fuga de agua en placa del agua ,Se repara fuga de agua en placa ,,1°,,Solicitado @ 2026-08-25 08:46 → Asignado (ISMAEL BERMUDEZ) @ 2026-08-25 08:56 → Confirmado en sitio (ISMAEL BERMUDEZ) @ 2026-08-25 08:53 → Cerrado @ 2026-08-25 10:34 → Cerrado @ 2026-08-25 10:34
11,Pendiente,25/08/2026,Martes,35,Agosto,BOLSEO,SDAI 2,Gustavo hdez ,19:56,Alta,,CORRECTIVO,,,,,No,,,,,,,,,,Fallo en bandas ,,,,,Solicitado @ 2026-08-25 19:56
12,Pendiente,25/08/2026,Martes,35,Agosto,BOLSEO,Sdai 3 ,Gustavo Hernández ,20:04,Alta,,CORRECTIVO,,,,,No,,,,,,,,,,Falla en bandas ,,,,,Solicitado @ 2026-08-25 20:04
13,Pendiente,25/08/2026,Martes,35,Agosto,BOLSEO,GF,Elen Ramos ,22:49,Alta,,CORRECTIVO,,,,,No,,,,,,,,,,No sale el material ,,,,,Solicitado @ 2026-08-25 22:49
14,Cerrado,25/08/2026,Martes,35,Agosto,BOLSEO,GF,Elen Ramos ,22:49,Alta,ELECTRICO,CORRECTIVO,SI,ALEJANDRO RODRIGUEZ TINAJERO / VICTOR ALFARO,25/08/2026,23:08,Sí,26/08/2026,02:15,25/08/2026,23:11,22,0.37,184,3.07,3.44,No sale el material ,Se ajusta variador del freno y disco del sensor. Y se cambian cables dañados de la tarjeta cluch freno ,,3°,,Solicitado @ 2026-08-25 22:49 → Asignado (ALEJANDRO RODRIGUEZ TINAJERO) @ 2026-08-25 23:08 → Confirmado en sitio (ALEJANDRO RODRIGUEZ TINAJERO) @ 2026-08-25 23:11 → Confirmado en sitio (ALEJANDRO RODRIGUEZ TINAJERO) @ 2026-08-25 23:11 → Técnico agregado (VICTOR ALFARO) @ 2026-08-25 23:52 → Cerrado @ 2026-08-26 02:15
15,Cerrado,25/08/2026,Martes,35,Agosto,BOLSEO,SDAI 5,Angel lozano,22:53,Alta,MECANICO,CORRECTIVO,SI,ROBERTO BADILLO / CASTRO MENDOZA PAMELA YOSELIN,25/08/2026,23:00,Sí,26/08/2026,03:31,25/08/2026,23:04,11,0.18,267,4.45,4.63,Se e solicita cambio de pespunte  calidad no autoriza correr asi,Se cambian rodillos de espunte y también el pespunte se cambia se hacen pruebas ,,3°,,Solicitado @ 2026-08-25 22:53 → Asignado (ROBERTO BADILLO/CASTRO MENDOZA PAMELA YOSELIN) @ 2026-08-25 23:00 → Confirmado en sitio (ROBERTO BADILLO/CASTRO MENDOZA PAMELA YOSELIN) @ 2026-08-25 23:04 → Cerrado @ 2026-08-26 03:31 → Cerrado @ 2026-08-26 03:31
16,Cerrado,25/08/2026,Martes,35,Agosto,IMPRESION,F4-1,RODRIGO ALEJANDRO RODRIGUEZ TINAJERO,23:04,Alta,ELECTRICO,CORRECTIVO,SI,VICTOR ALFARO,25/08/2026,23:05,Sí,25/08/2026,23:46,25/08/2026,23:07,3,0.05,39,0.65,0.7,Falla no arranca ,Se hace limpieza de conectores de cables y conectores de Variadores ,,3°,,Solicitado @ 2026-08-25 23:04 → Asignado (VICTOR ALFARO) @ 2026-08-25 23:05 → Confirmado en sitio (VICTOR ALFARO) @ 2026-08-25 23:07 → Confirmado en sitio (VICTOR ALFARO) @ 2026-08-25 23:07 → Cerrado @ 2026-08-25 23:46
17,Cerrado,26/08/2026,Miércoles,35,Agosto,BOLSEO,SDAI 8,RODRIGO ALEJANDRO RODRIGUEZ TINAJERO,02:17,Alta,ELECTRICO,CORRECTIVO,SI,ALEJANDRO RODRIGUEZ TINAJERO / VICTOR ALFARO,26/08/2026,02:18,Sí,26/08/2026,06:13,26/08/2026,02:18,1,0.02,235,3.92,3.94,Falla control de temperatura ,Se cambia control de temperatura y se cambian cables dañados de resistencia ,,3°,,Solicitado @ 2026-08-26 02:17 → Asignado (ALEJANDRO RODRIGUEZ TINAJERO/VICTOR ALFARO) @ 2026-08-26 02:18 → Confirmado en sitio (ALEJANDRO RODRIGUEZ TINAJERO/VICTOR ALFARO) @ 2026-08-26 02:18 → Cerrado @ 2026-08-26 06:13
18,Pendiente,26/08/2026,Miércoles,35,Agosto,IMPRESION,F2-2,Jose Rodriguez ,06:14,Alta,,CORRECTIVO,,,,,No,,,,,,,,,,Mangueras del calor desconectadas,,,,,Solicitado @ 2026-08-26 06:14
19,Cerrado,26/08/2026,Miércoles,35,Agosto,IMPRESION,F2-2,Jose Rodriguez ,06:14,Alta,MECANICO,CORRECTIVO,NO,ALEJANDRO RODRIGUEZ TINAJERO,26/08/2026,06:38,Sí,26/08/2026,07:46,26/08/2026,06:47,33,0.55,59,0.98,1.53,Mangueras del calor desconectadas,Se revizan. Mangueras de secaje tinteros falta colocar abrazaderas,,3°,,Solicitado @ 2026-08-26 06:14 → Asignado (ALEJANDRO RODRIGUEZ TINAJERO) @ 2026-08-26 06:38 → Confirmado en sitio (ALEJANDRO RODRIGUEZ TINAJERO) @ 2026-08-26 06:47 → Cerrado @ 2026-08-26 07:46
20,Pendiente,26/08/2026,Miércoles,35,Agosto,BOLSEO,SDAI 7,Jonathan Méndez ,15:44,Alta,,CORRECTIVO,,,,,No,,,,,,,,,,Falla en statica,,,,,Solicitado @ 2026-08-26 15:44
21,Pendiente,26/08/2026,Miércoles,35,Agosto,BOLSEO,SDAI 7,Jonathan Méndez ,15:44,Alta,,CORRECTIVO,,,,,No,,,,,,,,,,Falla en statica,,,,,Solicitado @ 2026-08-26 15:44
22,Pendiente,26/08/2026,Miércoles,35,Agosto,BOLSEO,LIAN YOU 1,Gustavo Hernández ,17:43,Alta,,CORRECTIVO,,ISRAEL NEYRA SANCHEZ,,,No,,,,,,,,,,Falla en statica ,,,,,Solicitado @ 2026-08-26 17:43 → Asignado (ISRAEL NEYRA SANCHEZ) @ 2026-08-27 20:40 → Asignación cancelada @ 2026-08-27 20:46
23,Pendiente,26/08/2026,Miércoles,35,Agosto,BOLSEO,LIAN YOU 1,Gustavo Hernández ,17:43,Alta,,CORRECTIVO,,ISRAEL NEYRA SANCHEZ / DANTE GONZALEZ ALVA,,,No,,,,,,,,,,Falla en statica ,,,,,Solicitado @ 2026-08-26 17:43 → Asignado (ISRAEL NEYRA SANCHEZ/DANTE GONZALEZ ALVA) @ 2026-08-27 20:31 → Asignación cancelada @ 2026-08-27 20:46
24,Cerrado,26/08/2026,Miércoles,35,Agosto,IMPRESION,F4-1,RODRIGO ALEJANDRO RODRIGUEZ TINAJERO,22:38,Alta,ELECTRICO,CORRECTIVO,SI,ALEJANDRO RODRIGUEZ TINAJERO / VICTOR ALFARO,26/08/2026,22:39,Sí,27/08/2026,00:39,26/08/2026,22:39,1,0.02,120,2,2.02,Falla anilox 2,Se hace limpieza de conectores de cables y conectores de Variadores ,,3°,,Solicitado @ 2026-08-26 22:38 → Asignado (ALEJANDRO RODRIGUEZ TINAJERO/VICTOR ALFARO) @ 2026-08-26 22:39 → Confirmado en sitio (ALEJANDRO RODRIGUEZ TINAJERO/VICTOR ALFARO) @ 2026-08-26 22:39 → Cerrado @ 2026-08-27 00:39
25,Pendiente,26/08/2026,Miércoles,35,Agosto,BOLSEO,SDAI 7,Angel lozano,22:48,Alta,,CORRECTIVO,,ROBERTO BADILLO / CASTRO MENDOZA PAMELA YOSELIN,,,No,,,,,,,,,,Problema con estatica la cambiaron pero no se soluciono el problema ,,,,,Solicitado @ 2026-08-26 22:48 → Asignado (ROBERTO BADILLO/CASTRO MENDOZA PAMELA YOSELIN) @ 2026-08-27 00:42 → Asignación cancelada @ 2026-08-28 00:22
26,Pendiente,26/08/2026,Miércoles,35,Agosto,BOLSEO,SDAI 7,Angel lozano,22:49,Alta,,CORRECTIVO,,ROBERTO BADILLO / CASTRO MENDOZA PAMELA YOSELIN,,,No,,,,,,,,,,Problema con estatica la cambiaron pero no se soluciono el problema ,,,,,Solicitado @ 2026-08-26 22:49 → Asignado (ROBERTO BADILLO/CASTRO MENDOZA PAMELA YOSELIN) @ 2026-08-27 00:40 → Asignación cancelada @ 2026-08-28 00:22
27,Cerrado,27/08/2026,Jueves,35,Agosto,BOLSEO,SDAI 11,RODRIGO ALEJANDRO RODRIGUEZ TINAJERO,00:43,Alta,ELECTRICO,CORRECTIVO,SI,ALEJANDRO RODRIGUEZ TINAJERO,27/08/2026,00:44,Sí,27/08/2026,02:51,27/08/2026,00:44,1,0.02,127,2.12,2.14,Se para la. Maquina ,Se reviza control de protección de alineador se cambian. Cables dañados ,,3°,,Solicitado @ 2026-08-27 00:43 → Asignado (ALEJANDRO RODRIGUEZ TINAJERO) @ 2026-08-27 00:44 → Confirmado en sitio (ALEJANDRO RODRIGUEZ TINAJERO) @ 2026-08-27 00:44 → Cerrado @ 2026-08-27 02:51
28,Cerrado,27/08/2026,Jueves,35,Agosto,BOLSEO,SDAI 1,Gustavo Hernández ,19:54,Alta,MECANICO,CORRECTIVO,SI,IRVING ALDRIGHETTI,27/08/2026,20:31,Sí,28/08/2026,00:08,27/08/2026,20:35,41,0.68,213,3.55,4.23,Se barre tornillo q sostiene el banco de los perforadores ,Reparacion ,,2°,,Solicitado @ 2026-08-27 19:54 → Asignado (IRVING ALDRIGHETTI) @ 2026-08-27 20:31 → Confirmado en sitio (IRVING ALDRIGHETTI) @ 2026-08-27 20:35 → Confirmado en sitio (IRVING ALDRIGHETTI) @ 2026-08-27 20:35 → Cerrado @ 2026-08-28 00:08
29,Cerrado,27/08/2026,Jueves,35,Agosto,BOLSEO,SDAI 10,Angel lozano,23:11,Alta,MECANICO,CORRECTIVO,SI,CASTRO MENDOZA PAMELA YOSELIN,27/08/2026,23:12,Sí,28/08/2026,00:15,27/08/2026,23:12,1,0.02,63,1.05,1.07,Se solicita cambio de rodillo de corte ,Se cambia de rodillo del sello y Catarina ,,3°,,Solicitado @ 2026-08-27 23:11 → Asignado (CASTRO MENDOZA PAMELA YOSELIN) @ 2026-08-27 23:12 → Confirmado en sitio (CASTRO MENDOZA PAMELA YOSELIN) @ 2026-08-27 23:12 → Confirmado en sitio (CASTRO MENDOZA PAMELA YOSELIN) @ 2026-08-27 23:12 → Cerrado @ 2026-08-28 00:15
30,Cerrado,27/08/2026,Jueves,35,Agosto,BOLSEO,F,RODRIGO ALEJANDRO RODRIGUEZ TINAJERO,23:17,Alta,ELECTRICO,CORRECTIVO,SI,ROBERTO BADILLO / VICTOR ALFARO,27/08/2026,23:17,Sí,28/08/2026,00:20,27/08/2026,23:18,1,0.02,62,1.03,1.05,Estatica ,Reconectar transformador y aterrizarlo y cambio de cable de alimentación ,,3°,,Solicitado @ 2026-08-27 23:17 → Asignado (ROBERTO BADILLO/VICTOR ALFARO) @ 2026-08-27 23:17 → Confirmado en sitio (ROBERTO BADILLO/VICTOR ALFARO) @ 2026-08-27 23:18 → Confirmado en sitio (ROBERTO BADILLO/VICTOR ALFARO) @ 2026-08-27 23:18 → Cerrado @ 2026-08-28 00:20
31,Cerrado,28/08/2026,Viernes,35,Agosto,BOLSEO,C,RODRIGO ALEJANDRO RODRIGUEZ TINAJERO,00:21,Alta,MECANICO,CORRECTIVO,SI,ROBERTO BADILLO / CASTRO MENDOZA PAMELA YOSELIN / VICTOR ALFARO,28/08/2026,00:24,Sí,28/08/2026,04:21,28/08/2026,00:25,4,0.07,236,3.93,4,Arrancar Máquina ,"Se repara pistón se cambia Balero
Y se. Repara ",,3°,,Solicitado @ 2026-08-28 00:21 → Asignado (ROBERTO BADILLO/CASTRO MENDOZA PAMELA YOSELIN/VICTOR ALFARO) @ 2026-08-28 00:22 → Asignación cancelada @ 2026-08-28 00:22 → Asignado (ROBERTO BADILLO) @ 2026-08-28 00:24 → Confirmado en sitio (ROBERTO BADILLO) @ 2026-08-28 00:25 → Confirmado en sitio (ROBERTO BADILLO) @ 2026-08-28 00:25 → Técnico agregado (CASTRO MENDOZA PAMELA YOSELIN/VICTOR ALFARO) @ 2026-08-28 00:25 → Cerrado @ 2026-08-28 04:21
32,Cerrado,28/08/2026,Viernes,35,Agosto,BOLSEO,NO Aplica  D1,RODRIGO ALEJANDRO RODRIGUEZ TINAJERO,00:33,Alta,ELECTRICO,CORRECTIVO,SI,ALEJANDRO RODRIGUEZ TINAJERO,28/08/2026,00:34,Sí,28/08/2026,02:42,28/08/2026,00:34,1,0.02,128,2.13,2.15,Falla Alineador ,Se reviza alineador se cambia cable de teclado y se vuelve a programar y Calibrar,,3°,,Solicitado @ 2026-08-28 00:33 → Asignado (ALEJANDRO RODRIGUEZ TINAJERO) @ 2026-08-28 00:34 → Confirmado en sitio (ALEJANDRO RODRIGUEZ TINAJERO) @ 2026-08-28 00:34 → Confirmado en sitio (ALEJANDRO RODRIGUEZ TINAJERO) @ 2026-08-28 00:34 → Cerrado @ 2026-08-28 02:42
33,Pendiente,28/08/2026,Viernes,35,Agosto,BOLSEO,SDAI 9,BRYAN HERNANDEZ JUAREZ,07:31,Moderada,,CORRECTIVO,,,,,No,,,,,,,,,,tornillo degollado en pieza de pre corte ,,,,,Solicitado @ 2026-08-28 07:31
34,Cerrado,28/08/2026,Viernes,35,Agosto,BOLSEO,SDAI 9,BRYAN HERNANDEZ JUAREZ,07:31,Moderada,MECANICO,CORRECTIVO,SI,MIGUEL XOLALPA / FAUSTINO SOLIS,28/08/2026,07:41,Sí,28/08/2026,08:41,28/08/2026,07:41,10,0.17,60,1,1.17,tornillo degollado en pieza de pre corte ,"Se retira soporte de perforador, se extraen tornillos degollados y se re hacen cuerdas ",Machuelo M4,1°,Pieza ok,Solicitado @ 2026-08-28 07:31 → Asignado (MIGUEL XOLALPA/FAUSTINO SOLIS) @ 2026-08-28 07:41 → Confirmado en sitio (MIGUEL XOLALPA/FAUSTINO SOLIS) @ 2026-08-28 07:41 → Confirmado en sitio (MIGUEL XOLALPA/FAUSTINO SOLIS) @ 2026-08-28 07:41 → Cerrado @ 2026-08-28 08:41
35,Cerrado,28/08/2026,Viernes,35,Agosto,POUCH,TOTANI 2,RODRIGO ALEJANDRO RODRIGUEZ TINAJERO,23:50,Alta,ELECTRICO,CORRECTIVO,SI,ALEJANDRO RODRIGUEZ TINAJERO / VICTOR ALFARO,28/08/2026,23:51,Sí,29/08/2026,02:27,28/08/2026,23:51,1,0.02,156,2.6,2.62,No funciona Touch pantalla Principal ,Se cambia cable de touch se hace limpieza del monitor ,,3°,,Solicitado @ 2026-08-28 23:50 → Asignado (ALEJANDRO RODRIGUEZ TINAJERO/VICTOR ALFARO) @ 2026-08-28 23:51 → Confirmado en sitio (ALEJANDRO RODRIGUEZ TINAJERO/VICTOR ALFARO) @ 2026-08-28 23:51 → Se retiró (VICTOR ALFARO) @ 2026-08-29 00:13 → Cerrado @ 2026-08-29 02:27
36,Pendiente,29/08/2026,Sábado,35,Agosto,POUCH,SDAI 11,RODRIGO ALEJANDRO RODRIGUEZ TINAJERO,00:15,Alta,,CORRECTIVO,,VICTOR ALFARO,,,No,,,,,,,,,,Falla temperatura ,,,,,Solicitado @ 2026-08-29 00:15 → Asignado (VICTOR ALFARO) @ 2026-08-29 00:16 → Asignación cancelada @ 2026-08-29 00:16 → Asignado (VICTOR ALFARO) @ 2026-08-29 00:17 → Asignación cancelada @ 2026-08-29 00:17
37,Cerrado,29/08/2026,Sábado,35,Agosto,POUCH,SDAI 11,RODRIGO ALEJANDRO RODRIGUEZ TINAJERO,00:18,Alta,ELECTRICO,CORRECTIVO,SI,VICTOR ALFARO / CASTRO MENDOZA PAMELA YOSELIN,29/08/2026,00:19,Sí,29/08/2026,02:26,29/08/2026,00:19,1,0.02,127,2.12,2.14,Falla temperatura ,"Se cambia resistencia
Y se reparan cables dañados ",,3°,,Solicitado @ 2026-08-29 00:18 → Asignado (VICTOR ALFARO) @ 2026-08-29 00:19 → Confirmado en sitio (VICTOR ALFARO) @ 2026-08-29 00:19 → Confirmado en sitio (VICTOR ALFARO) @ 2026-08-29 00:19 → Técnico agregado (CASTRO MENDOZA PAMELA YOSELIN) @ 2026-08-29 00:32 → Cerrado @ 2026-08-29 02:26
38,Cerrado,29/08/2026,Sábado,35,Agosto,IMPRESION,F4-3,RODRIGO ALEJANDRO RODRIGUEZ TINAJERO,01:26,Alta,HIDRAULICO,CORRECTIVO,SI,ROBERTO BADILLO,29/08/2026,01:27,Sí,29/08/2026,02:33,29/08/2026,01:28,2,0.03,65,1.08,1.11,Falla temperatura  cabalimetro motor maquina  ,"Se hace limpieza de filtros
Se rellena de anticongelante ",,3°,,Solicitado @ 2026-08-29 01:26 → Asignado (ROBERTO BADILLO) @ 2026-08-29 01:27 → Confirmado en sitio (ROBERTO BADILLO) @ 2026-08-29 01:28 → Cerrado @ 2026-08-29 02:33
39,Pausado,29/08/2026,Sábado,35,Agosto,POUCH,Totani 8 y 9,RODRIGO ALEJANDRO RODRIGUEZ TINAJERO,02:29,Alta,,CORRECTIVO,,VICTOR ALFARO / ROBERTO BADILLO / CASTRO MENDOZA PAMELA YOSELIN,29/08/2026,02:31,Sí,,,29/08/2026,02:33,4,0.07,,,,Desacoplamiento de Maquinas ,,,,,Solicitado @ 2026-08-29 02:29 → Asignado (VICTOR ALFARO) @ 2026-08-29 02:31 → Confirmado en sitio (VICTOR ALFARO) @ 2026-08-29 02:33 → Confirmado en sitio (VICTOR ALFARO) @ 2026-08-29 02:33 → Técnico agregado (ROBERTO BADILLO/CASTRO MENDOZA PAMELA YOSELIN) @ 2026-08-29 02:36 → Pausado @ 2026-08-31 07:26
40,Pausado,29/08/2026,Sábado,35,Agosto,BOLSEO,SDAI 1,RODRIGO ALEJANDRO RODRIGUEZ TINAJERO,02:34,Alta,,CORRECTIVO,,ALEJANDRO RODRIGUEZ TINAJERO,29/08/2026,02:35,Sí,,,29/08/2026,02:35,1,0.02,,,,Falla temperatura ,,,,,Solicitado @ 2026-08-29 02:34 → Asignado (ALEJANDRO RODRIGUEZ TINAJERO) @ 2026-08-29 02:35 → Confirmado en sitio (ALEJANDRO RODRIGUEZ TINAJERO) @ 2026-08-29 02:35 → Pausado @ 2026-08-31 07:26 → Reanudado (ALEJANDRO RODRIGUEZ TINAJERO) @ 2026-08-31 07:29 → Pausado @ 2026-08-31 07:43
41,Pendiente,29/08/2026,Sábado,35,Agosto,IMPRESION,F2-3,MIGUEL ANGEL GRANADOS TREJO,03:08,Alta,,CORRECTIVO,,,,,No,,,,,,,,,,Alarma de calores ,,,,,Solicitado @ 2026-08-29 03:08
42,Pendiente,29/08/2026,Sábado,35,Agosto,IMPRESION,F2-3,MIGUEL ANGEL GRANADOS TREJO,04:35,Alta,,CORRECTIVO,,,,,No,,,,,,,,,,Alarma de calores ,,,,,Solicitado @ 2026-08-29 04:35
43,Pendiente,29/08/2026,Sábado,35,Agosto,IMPRESION,F2-3,MIGUEL ANGEL GRANADOS TREJO,04:35,Alta,,CORRECTIVO,,,,,No,,,,,,,,,,Alarma de calores ,,,,,Solicitado @ 2026-08-29 04:35
44,Pendiente,29/08/2026,Sábado,35,Agosto,IMPRESION,F2-3,MIGUEL ANGEL GRANADOS TREJO,06:05,Alta,,CORRECTIVO,,,,,No,,,,,,,,,,Alarma de calores ,,,,,Solicitado @ 2026-08-29 06:05
45,Pendiente,29/08/2026,Sábado,35,Agosto,BOLSEO,G,Luis Carcamo ,16:51,Alta,,CORRECTIVO,,,,,No,,,,,,,,,,Se degillan tornillos de base del balero de las levas ,,,,,Solicitado @ 2026-08-29 16:51
46,Pendiente,30/08/2026,Domingo,35,Agosto,BOLSEO,G,Luis Carcamo ,03:06,Alta,,CORRECTIVO,,,,,No,,,,,,,,,,Se degollan tornillo que sujetan el motor del balancín de su base ,,,,,Solicitado @ 2026-08-30 03:06
47,Pendiente,30/08/2026,Domingo,35,Agosto,IMPRESION,F2-1,DAVID HERNANDEZ TELLO,09:10,Alta,,CORRECTIVO,,,,,No,,,,,,,,,,Unidad número 1 no cierra el porta cliché ,,,,,Solicitado @ 2026-08-30 09:10
48,Pendiente,30/08/2026,Domingo,35,Agosto,IMPRESION,F2-1,DAVID HERNANDEZ TELLO,09:10,Alta,,CORRECTIVO,,,,,No,,,,,,,,,,Unidad número 1 no cierra el porta cliché ,,,,,Solicitado @ 2026-08-30 09:10
49,Cerrado,31/08/2026,Lunes,36,Agosto,IMPRESION,F2-3,MIGUEL ANGEL GRANADOS TREJO,07:32,Alta,ELECTRICO,CORRECTIVO,SI,ALEJANDRO RODRIGUEZ TINAJERO / VICTOR ALFARO,31/08/2026,07:44,Sí,31/08/2026,08:55,31/08/2026,07:54,22,0.37,61,1.02,1.39,Alarma de tinteros ,Falla. Grupo 4 y 5 anilox se limpian conexiones de cables y conectores de Variadores.  ,,1°,,Solicitado @ 2026-08-31 07:32 → Asignado (ALEJANDRO RODRIGUEZ TINAJERO/VICTOR ALFARO) @ 2026-08-31 07:44 → Confirmado en sitio (ALEJANDRO RODRIGUEZ TINAJERO/VICTOR ALFARO) @ 2026-08-31 07:54 → Confirmado en sitio (ALEJANDRO RODRIGUEZ TINAJERO/VICTOR ALFARO) @ 2026-08-31 07:54 → Cerrado @ 2026-08-31 08:55
50,Pendiente,31/08/2026,Lunes,36,Agosto,LAMINACION,LUMUS,RODRIGO ALEJANDRO RODRIGUEZ TINAJERO,08:57,Alta,,CORRECTIVO,,,,,No,,,,,,,,,,Falla desboninador 2,,,,,Solicitado @ 2026-08-31 08:57
51,Cerrado,31/08/2026,Lunes,36,Agosto,LAMINACION,LUMUS,RODRIGO ALEJANDRO RODRIGUEZ TINAJERO,08:57,Alta,MECANICO,CORRECTIVO,SI,ALEJANDRO RODRIGUEZ TINAJERO / VICTOR ALFARO,31/08/2026,08:58,Sí,31/08/2026,10:59,31/08/2026,08:58,1,0.02,121,2.02,2.04,Falla desboninador 2,Se repara pistón del desbobinador se calibra variador con. Motor y se coloca tapa del ventilador del desbo 1,,1°,,Solicitado @ 2026-08-31 08:57 → Asignado (ALEJANDRO RODRIGUEZ TINAJERO/VICTOR ALFARO) @ 2026-08-31 08:58 → Confirmado en sitio (ALEJANDRO RODRIGUEZ TINAJERO/VICTOR ALFARO) @ 2026-08-31 08:58 → Confirmado en sitio (ALEJANDRO RODRIGUEZ TINAJERO/VICTOR ALFARO) @ 2026-08-31 08:58 → Cerrado @ 2026-08-31 10:59
52,Pendiente,31/08/2026,Lunes,36,Agosto,POUCH,Troqueles,RODRIGO ALEJANDRO RODRIGUEZ TINAJERO,11:03,Alta,,CORRECTIVO,,ALEJANDRO RODRIGUEZ TINAJERO,,,No,,,,,,,,,,Se calientan conexiones eléctricas ,,,,,Solicitado @ 2026-08-31 11:03 → Asignado (ALEJANDRO RODRIGUEZ TINAJERO) @ 2026-08-31 11:04 → Asignación cancelada @ 2026-09-02 07:30
53,Cerrado,31/08/2026,Lunes,36,Agosto,POUCH,Troqueles ,RODRIGO ALEJANDRO RODRIGUEZ TINAJERO,11:06,Alta,ELECTRICO,CORRECTIVO,SI,ALEJANDRO RODRIGUEZ TINAJERO,31/08/2026,11:07,Sí,31/08/2026,13:10,31/08/2026,11:07,1,0.02,123,2.05,2.07,Se calientan conexiones eléctricas ,Se  cambian cables dañados en las 2 líneas y se cambian contactos ,,1°,,Solicitado @ 2026-08-31 11:06 → Asignado (ALEJANDRO RODRIGUEZ TINAJERO) @ 2026-08-31 11:07 → Confirmado en sitio (ALEJANDRO RODRIGUEZ TINAJERO) @ 2026-08-31 11:07 → Confirmado en sitio (ALEJANDRO RODRIGUEZ TINAJERO) @ 2026-08-31 11:07 → Cerrado @ 2026-08-31 13:10
54,Pendiente,31/08/2026,Lunes,36,Agosto,BOLSEO,SDAI 7,Angel lozano,13:51,Alta,,CORRECTIVO,,,,,No,,,,,,,,,,La fotocelda no registra bien por momentos parpadea de mas o deja de parpadear,,,,,Solicitado @ 2026-08-31 13:51
55,Pendiente,31/08/2026,Lunes,36,Agosto,BOLSEO,SDAI 7,Angel lozano,13:51,Alta,,CORRECTIVO,,,,,No,,,,,,,,,,La fotocelda no registra bien por momentos parpadea de mas o deja de parpadear,,,,,Solicitado @ 2026-08-31 13:51
56,Pendiente,31/08/2026,Lunes,36,Agosto,BOLSEO,F,Luis Carcamo,23:47,Alta,,CORRECTIVO,,,,,No,,,,,,,,,,No arranca máquina ,,,,,Solicitado @ 2026-08-31 23:47
57,Pendiente,01/09/2026,Martes,36,Septiembre,BOLSEO,G,Luis Carcamo ,02:02,Alta,,CORRECTIVO,,,,,No,,,,,,,,,,Se degollan tornillos de la base del balero de las levas ,,,,,Solicitado @ 2026-09-01 02:02
58,Pendiente,01/09/2026,Martes,36,Septiembre,BOLSEO,SDAI 3,RODRIGO ALEJANDRO RODRIGUEZ TINAJERO,07:40,Alta,,CORRECTIVO,,ROBERTO BADILLO / VICTOR ALFARO,,,No,,,,,,,,,,Cambiar Pespunte ,,,,,Solicitado @ 2026-09-01 07:40 → Asignado (ROBERTO BADILLO/VICTOR ALFARO) @ 2026-09-01 07:41 → Asignación cancelada @ 2026-09-02 07:30
59,Cerrado,01/09/2026,Martes,36,Septiembre,BOLSEO,SDAI 3,RODRIGO ALEJANDRO RODRIGUEZ TINAJERO,07:40,Alta,MECANICO,CORRECTIVO,SI,ROBERTO BADILLO / VICTOR ALFARO,01/09/2026,07:40,Sí,01/09/2026,08:32,01/09/2026,07:42,2,0.03,50,0.83,0.86,Cambiar Pespunte ,Se cambia pespunte nuevo ,,1°,,Solicitado @ 2026-09-01 07:40 → Asignado (ROBERTO BADILLO/VICTOR ALFARO) @ 2026-09-01 07:40 → Confirmado en sitio (ROBERTO BADILLO/VICTOR ALFARO) @ 2026-09-01 07:42 → Confirmado en sitio (ROBERTO BADILLO/VICTOR ALFARO) @ 2026-09-01 07:42 → Cerrado @ 2026-09-01 08:32
60,Cerrado,01/09/2026,Martes,36,Septiembre,BOLSEO,G,RODRIGO ALEJANDRO RODRIGUEZ TINAJERO,08:08,Alta,MECANICO,CORRECTIVO,SI,CASTRO MENDOZA PAMELA YOSELIN / MAURICIO SANTES,01/09/2026,08:10,Sí,01/09/2026,09:36,01/09/2026,08:11,3,0.05,85,1.42,1.47,Se encuentra fuera de lugar placa principal ,Se colocan tornillos de soporte de la Placa principal y se ajusta tension,,1°,,Solicitado @ 2026-09-01 08:08 → Asignado (CASTRO MENDOZA PAMELA YOSELIN/MAURICIO SANTES) @ 2026-09-01 08:10 → Confirmado en sitio (CASTRO MENDOZA PAMELA YOSELIN/MAURICIO SANTES) @ 2026-09-01 08:11 → Cerrado @ 2026-09-01 09:36 → Cerrado @ 2026-09-01 09:36
61,Cerrado,01/09/2026,Martes,36,Septiembre,IMPRESION,FJ-2,RODRIGO ALEJANDRO RODRIGUEZ TINAJERO,08:35,Alta,NEUMATICO,CORRECTIVO,SI,ROBERTO BADILLO / VICTOR ALFARO,01/09/2026,08:35,Sí,01/09/2026,10:19,01/09/2026,08:36,1,0.02,103,1.72,1.74,Falla Bomba unidad 6,Se repara Bomba para tinta unidad 6,,1°,,Solicitado @ 2026-09-01 08:35 → Asignado (ROBERTO BADILLO/VICTOR ALFARO) @ 2026-09-01 08:35 → Confirmado en sitio (ROBERTO BADILLO/VICTOR ALFARO) @ 2026-09-01 08:36 → Confirmado en sitio (ROBERTO BADILLO/VICTOR ALFARO) @ 2026-09-01 08:36 → Confirmado en sitio (ROBERTO BADILLO/VICTOR ALFARO) @ 2026-09-01 08:36 → Cerrado @ 2026-09-01 10:19
62,Cerrado,01/09/2026,Martes,36,Septiembre,BOLSEO,SDAI 13,RODRIGO ALEJANDRO RODRIGUEZ TINAJERO,08:38,Alta,ELECTRICO,CORRECTIVO,SI,ALEJANDRO RODRIGUEZ TINAJERO / VICTOR ALFARO,01/09/2026,08:39,Sí,01/09/2026,11:44,01/09/2026,08:40,2,0.03,184,3.07,3.1,Falla estática ,Se reviza control de estatica se coloca un nuevo transformador se corrige cableado ,,1°,,Solicitado @ 2026-09-01 08:38 → Asignado (ALEJANDRO RODRIGUEZ TINAJERO) @ 2026-09-01 08:39 → Confirmado en sitio (ALEJANDRO RODRIGUEZ TINAJERO) @ 2026-09-01 08:40 → Pausado @ 2026-09-01 09:31 → Reanudado (ALEJANDRO RODRIGUEZ TINAJERO) @ 2026-09-01 09:31 → Pausado @ 2026-09-01 09:32 → Reanudado (VICTOR ALFARO) @ 2026-09-01 10:51 → Técnico agregado (ALEJANDRO RODRIGUEZ TINAJERO) @ 2026-09-01 10:51 → Cerrado @ 2026-09-01 11:44
63,Cerrado,01/09/2026,Martes,36,Septiembre,IMPRESION,F2-3,MIGUEL ANGEL GRANADOS TREJO,08:58,Alta,ELECTRICO,CORRECTIVO,SI,ALEJANDRO RODRIGUEZ TINAJERO,01/09/2026,09:32,Sí,01/09/2026,10:47,01/09/2026,09:33,35,0.58,74,1.23,1.81,Alarma del tintero 2 ,Se hace limpieza de conectores de cables y conectores de Variadores ,,1°,,Solicitado @ 2026-09-01 08:58 → Asignado (ALEJANDRO RODRIGUEZ TINAJERO) @ 2026-09-01 09:32 → Confirmado en sitio (ALEJANDRO RODRIGUEZ TINAJERO) @ 2026-09-01 09:33 → Cerrado @ 2026-09-01 10:47
64,Cerrado,01/09/2026,Martes,36,Septiembre,POUCH,TOTANI 4,RODRIGO ALEJANDRO RODRIGUEZ TINAJERO,09:37,Alta,ELECTRICO,CORRECTIVO,SI,CASTRO MENDOZA PAMELA YOSELIN / MAURICIO SANTES,01/09/2026,09:38,Sí,01/09/2026,10:46,01/09/2026,09:38,1,0.02,68,1.13,1.15,Falla temperatura ,Se cambia sensor de temperatura y se corrige corto de 24v,,1°,,Solicitado @ 2026-09-01 09:37 → Asignado (CASTRO MENDOZA PAMELA YOSELIN/MAURICIO SANTES) @ 2026-09-01 09:38 → Confirmado en sitio (CASTRO MENDOZA PAMELA YOSELIN/MAURICIO SANTES) @ 2026-09-01 09:38 → Confirmado en sitio (CASTRO MENDOZA PAMELA YOSELIN/MAURICIO SANTES) @ 2026-09-01 09:38 → Confirmado en sitio (CASTRO MENDOZA PAMELA YOSELIN/MAURICIO SANTES) @ 2026-09-01 09:38 → Confirmado en sitio (CASTRO MENDOZA PAMELA YOSELIN/MAURICIO SANTES) @ 2026-09-01 09:38 → Cerrado @ 2026-09-01 10:46
65,Cerrado,01/09/2026,Martes,36,Septiembre,BOLSEO,SDAI 15,RODRIGO ALEJANDRO RODRIGUEZ TINAJERO,10:48,Alta,MECANICO,CORRECTIVO,SI,ROBERTO BADILLO / CASTRO MENDOZA PAMELA YOSELIN / MAURICIO SANTES,01/09/2026,10:49,Sí,01/09/2026,12:48,01/09/2026,10:50,2,0.03,118,1.97,2,Falla Triángulo desbobinador ,Se repara triángulo desbobinador se coloca y se nivela ,,1°,,Solicitado @ 2026-09-01 10:48 → Asignado (ROBERTO BADILLO/CASTRO MENDOZA PAMELA YOSELIN/MAURICIO SANTES) @ 2026-09-01 10:49 → Confirmado en sitio (ROBERTO BADILLO/CASTRO MENDOZA PAMELA YOSELIN/MAURICIO SANTES) @ 2026-09-01 10:50 → Cerrado @ 2026-09-01 12:48 → Cerrado @ 2026-09-01 12:48
66,Pendiente,01/09/2026,Martes,36,Septiembre,BOLSEO,LIAN YOU 1,Angel l,19:47,Alta,,CORRECTIVO,,ISMAEL BERMUDEZ,,,No,,,,,,,,,,Se pide cambio de despunte y rodillo de corte ,,,,,Solicitado @ 2026-09-01 19:47 → Asignado (ISMAEL BERMUDEZ) @ 2026-09-01 19:58 → Asignación cancelada @ 2026-09-02 07:30
67,Pausado,01/09/2026,Martes,36,Septiembre,BOLSEO,GF,JOSE JOAQUIN BERNAL EVARISTO,20:42,Alta,,CORRECTIVO,,MIGUEL XOLALPA,01/09/2026,21:37,Sí,,,01/09/2026,21:42,60,1,,,,"No arranca máquina ,se paró sola",,,,,Solicitado @ 2026-09-01 20:42 → Asignado (MIGUEL XOLALPA) @ 2026-09-01 21:37 → Confirmado en sitio (MIGUEL XOLALPA) @ 2026-09-01 21:42 → Confirmado en sitio (MIGUEL XOLALPA) @ 2026-09-01 21:42 → Pausado @ 2026-09-01 22:01
68,Pendiente,02/09/2026,Miércoles,36,Septiembre,BOLSEO,F,Luis Carcamo ,01:33,Alta,,CORRECTIVO,,,,,No,,,,,,,,,,Máquina sigue vareando de la velocidad y la cremallera ,,,,,Solicitado @ 2026-09-02 01:33
69,Liberado,02/09/2026,Miércoles,36,Septiembre,POUCH,TOTANI 7,DIEGO ANDRES RESENDIZ CASTILLO,07:45,Alta,MECANICO,CORRECTIVO,SI,ROBERTO BADILLO / VICTOR ALFARO,02/09/2026,07:49,Sí,02/09/2026,11:11,02/09/2026,09:41,116,1.93,90,1.5,3.43,se rompe balero de pistón dela  cuchilla de la totani 7,Se repara base de pistón de Placa  de corte principal  se coloca y se ajusta ,,1°,,Solicitado @ 2026-09-02 07:45 → Asignado (ROBERTO BADILLO/VICTOR ALFARO) @ 2026-09-02 07:49 → Confirmado en sitio (ROBERTO BADILLO/VICTOR ALFARO) @ 2026-09-02 09:41 → Cerrado @ 2026-09-02 11:11 → Liberado @ 2026-09-02 12:19
70,Pendiente,02/09/2026,Miércoles,36,Septiembre,IMPRESION,F2-2,Jose Rodriguez ,08:04,Alta,,CORRECTIVO,,,,,No,,,,,,,,,,Parrillas del tunes muy sucias y tapadas,,,,,Solicitado @ 2026-09-02 08:04
71,Pendiente,02/09/2026,Miércoles,36,Septiembre,IMPRESION,F2-2,Jose Rodriguez ,08:04,Alta,,CORRECTIVO,,,,,No,,,,,,,,,,Parrillas del tunes muy sucias y tapadas,,,,,Solicitado @ 2026-09-02 08:04
72,Liberado,02/09/2026,Miércoles,36,Septiembre,POUCH,TOTANI 3,DIEGO ANDRES RESENDIZ CASTILLO,08:23,Alta,ELECTRICO,CORRECTIVO,SI,ALEJANDRO RODRIGUEZ TINAJERO,02/09/2026,08:43,Sí,02/09/2026,09:51,02/09/2026,08:45,22,0.37,66,1.1,1.47,se fue la luz y salió alarma y no arranca la maquina ,Se hace limpieza en el. Control de arranque y se resetean variadores ,,1°,,Solicitado @ 2026-09-02 08:23 → Asignado (ALEJANDRO RODRIGUEZ TINAJERO) @ 2026-09-02 08:43 → Confirmado en sitio (ALEJANDRO RODRIGUEZ TINAJERO) @ 2026-09-02 08:45 → Cerrado @ 2026-09-02 09:51 → Liberado @ 2026-09-02 12:19
73,Pendiente,02/09/2026,Miércoles,36,Septiembre,BOLSEO,LIAN YOU 1,MANUEL EDUARDO ORDAZ FLORES,08:31,Alta,,CORRECTIVO,,,,,No,,,,,,,,,,Colocación de bandas transportadoras,,,,,Solicitado @ 2026-09-02 08:31
74,Cerrado,02/09/2026,Miércoles,36,Septiembre,BOLSEO,LIAN YOU 1,MANUEL EDUARDO ORDAZ FLORES,08:31,Alta,MECANICO,CORRECTIVO,SI,MAURICIO SANTES,02/09/2026,08:41,Sí,02/09/2026,09:53,02/09/2026,08:53,22,0.37,60,1,1.37,Colocación de bandas transportadoras,Cambio de bandas transportadoras superiores y ajuste de cadena ,,1°,,Solicitado @ 2026-09-02 08:31 → Asignado (MAURICIO SANTES) @ 2026-09-02 08:41 → Confirmado en sitio (MAURICIO SANTES) @ 2026-09-02 08:53 → Cerrado @ 2026-09-02 09:53
75,Liberado,02/09/2026,Miércoles,36,Septiembre,POUCH,TOTANI 5,DIEGO ANDRES RESENDIZ CASTILLO,08:35,Alta,ELECTRICO,CORRECTIVO,SI,ALEJANDRO RODRIGUEZ TINAJERO,02/09/2026,09:54,Sí,02/09/2026,13:14,02/09/2026,09:55,80,1.33,199,3.32,4.65,se fue la luz   cuando regreso la  maquina enciende pero la pantalla  de totani 5 ya no prendió ,Se repara Pc de maquina se le da limpieza y se cambia fuente de alimentación interna ,,1°,,Solicitado @ 2026-09-02 08:35 → Asignado (ALEJANDRO RODRIGUEZ TINAJERO) @ 2026-09-02 09:54 → Confirmado en sitio (ALEJANDRO RODRIGUEZ TINAJERO) @ 2026-09-02 09:55 → Cerrado @ 2026-09-02 13:14 → Liberado @ 2026-09-02 14:52
76,Cerrado,02/09/2026,Miércoles,36,Septiembre,BOLSEO,Sd 4,Angel lozano ,09:00,Alta,MECANICO,CORRECTIVO,SI,MAURICIO SANTES,02/09/2026,09:54,Sí,02/09/2026,11:10,02/09/2026,10:02,62,1.03,68,1.13,2.16,Revisar baleros de las bandas hace movimiento anormal y jala la bolsa ,Se lubrican baleros y se ajusta tensión de guia de material ,,1°,,Solicitado @ 2026-09-02 09:00 → Asignado (MAURICIO SANTES) @ 2026-09-02 09:54 → Confirmado en sitio (MAURICIO SANTES) @ 2026-09-02 10:02 → Cerrado @ 2026-09-02 11:10
77,Cerrado,02/09/2026,Miércoles,36,Septiembre,REFINADO,KMEC,RODRIGO ALEJANDRO RODRIGUEZ TINAJERO,11:14,Alta,MECANICO,CORRECTIVO,SI,ROBERTO BADILLO / MAURICIO SANTES,02/09/2026,11:14,Sí,02/09/2026,12:28,02/09/2026,11:19,5,0.08,69,1.15,1.23,Revizar mordaza y balatas ,Se retiran piezas de mordaza y espiga guía se manda a reparar con el tornero a espera de su colocación ,,1°,,Solicitado @ 2026-09-02 11:14 → Asignado (ROBERTO BADILLO/MAURICIO SANTES) @ 2026-09-02 11:14 → Confirmado en sitio (ROBERTO BADILLO/MAURICIO SANTES) @ 2026-09-02 11:19 → Cerrado @ 2026-09-02 12:28
78,Cerrado,02/09/2026,Miércoles,36,Septiembre,BOLSEO,Área estacionamiento ,RODRIGO ALEJANDRO RODRIGUEZ TINAJERO,12:12,Alta,ELECTRICO,CORRECTIVO,SI,VICTOR ALFARO,02/09/2026,12:14,Sí,02/09/2026,12:48,02/09/2026,12:17,5,0.08,31,0.52,0.6,Conexión electrica ,Se hace conexión electrica se colocan cables y contactoS,,1°,,Solicitado @ 2026-09-02 12:12 → Asignado (VICTOR ALFARO) @ 2026-09-02 12:14 → Confirmado en sitio (VICTOR ALFARO) @ 2026-09-02 12:17 → Confirmado en sitio (VICTOR ALFARO) @ 2026-09-02 12:17 → Confirmado en sitio (VICTOR ALFARO) @ 2026-09-02 12:17 → Cerrado @ 2026-09-02 12:48
79,Liberado,02/09/2026,Miércoles,36,Septiembre,POUCH,TOTANI 7,DIEGO ANDRES RESENDIZ CASTILLO,12:18,Alta,MECANICO,CORRECTIVO,SI,VICTOR ALFARO,02/09/2026,12:49,Sí,02/09/2026,15:12,02/09/2026,12:51,33,0.55,141,2.35,2.9,SE SAFA PIEZA DE PISTON DE CUCHILLA LO QUE PROBOCA QUE LA CUCHILLA SE QUEDE ABAJO ,Se desmonta pieza del pistón de la placa. Se nivela placa de corte  queda pendiente montaje de la pieza ,,1°,,Solicitado @ 2026-09-02 12:18 → Asignado (VICTOR ALFARO) @ 2026-09-02 12:49 → Confirmado en sitio (VICTOR ALFARO) @ 2026-09-02 12:51 → Cerrado @ 2026-09-02 15:11 → Cerrado @ 2026-09-02 15:12 → Liberado @ 2026-09-03 21:03
80,Cerrado,02/09/2026,Miércoles,36,Septiembre,IMPRESION,FJ-2,RODRIGO ALEJANDRO RODRIGUEZ TINAJERO,12:32,Alta,ELECTRICO,CORRECTIVO,SI,ROBERTO BADILLO / MAURICIO SANTES,02/09/2026,12:34,Sí,02/09/2026,12:43,02/09/2026,12:35,3,0.05,8,0.13,0.18,Problema atascsmiento unidad 6,Se coloca conexión eléctrica se colocan cables y contacto ,,1°,,Solicitado @ 2026-09-02 12:32 → Asignado (ROBERTO BADILLO/MAURICIO SANTES) @ 2026-09-02 12:34 → Confirmado en sitio (ROBERTO BADILLO/MAURICIO SANTES) @ 2026-09-02 12:35 → Cerrado @ 2026-09-02 12:43
81,Pendiente,02/09/2026,Miércoles,36,Septiembre,POUCH,TOTANI 2,VICENTE DE LA CRUZ TREJO,14:52,Alta,,CORRECTIVO,,MIGUEL XOLALPA,,,No,,,,,,,,,,PRUEBA,,,,,Solicitado @ 2026-09-02 14:52 → Asignado (MIGUEL XOLALPA) @ 2026-09-02 15:36 → Asignación cancelada @ 2026-09-02 17:27
82,Cerrado,02/09/2026,Miércoles,36,Septiembre,BOLSEO,SDAI 10,Angel lozano,18:25,Alta,ELECTRICO,CORRECTIVO,SI,ISMAEL BERMUDEZ,02/09/2026,18:54,Sí,02/09/2026,19:45,02/09/2026,19:33,68,1.13,12,0.2,1.33,Se baja la temperatura no regula ,Se ajustan parámetros en PID,,2°,,Solicitado @ 2026-09-02 18:25 → Asignado (ISMAEL BERMUDEZ) @ 2026-09-02 18:54 → Confirmado en sitio (ISMAEL BERMUDEZ) @ 2026-09-02 19:33 → Confirmado en sitio (ISMAEL BERMUDEZ) @ 2026-09-02 19:33 → Cerrado @ 2026-09-02 19:45
83,Pendiente,02/09/2026,Miércoles,36,Septiembre,POUCH,TOTANI 7,VICENTE DE LA CRUZ TREJO,19:26,Alta,,CORRECTIVO,,,,,No,,,,,,,,,,SE ROMPIO TORNILLO DEL PISTON DE LA CUCHILLA,,,,,Solicitado @ 2026-09-02 19:26
84,Pausado,02/09/2026,Miércoles,36,Septiembre,POUCH,TOTANI 7,VICENTE DE LA CRUZ TREJO,19:26,Alta,,CORRECTIVO,,MIGUEL XOLALPA / FAUSTINO SOLIS,02/09/2026,19:48,Sí,,,02/09/2026,19:52,26,0.43,,,,SE ROMPIO TORNILLO DEL PISTON DE LA CUCHILLA,,,,,Solicitado @ 2026-09-02 19:26 → Asignado (MIGUEL XOLALPA) @ 2026-09-02 19:48 → Confirmado en sitio (MIGUEL XOLALPA) @ 2026-09-02 19:52 → Técnico agregado (FAUSTINO SOLIS) @ 2026-09-02 19:53 → Pausado @ 2026-09-03 15:32
85,Pendiente,03/09/2026,Jueves,36,Septiembre,POUCH,TOTANI 6,JULIO ALBERTO GUZMAN MANUEL,00:36,Alta,,CORRECTIVO,,,,,No,,,,,,,,,,RODILLO ROTO DE ARRASTRE,,,,,Solicitado @ 2026-09-03 00:36
86,Pendiente,03/09/2026,Jueves,36,Septiembre,POUCH,TOTANI 6,JULIO ALBERTO GUZMAN MANUEL,00:36,Alta,,CORRECTIVO,,,,,No,,,,,,,,,,RODILLO ROTO DE ARRASTRE,,,,,Solicitado @ 2026-09-03 00:36
87,Pendiente,03/09/2026,Jueves,36,Septiembre,IMPRESION,F2-3,GUSTAVO HERRERA GUEVARA,06:39,Alta,,CORRECTIVO,,,,,No,,,,,,,,,,"Se mueven registros longitudinales, todos los grupos ",,,,,Solicitado @ 2026-09-03 06:39
88,Pendiente,03/09/2026,Jueves,36,Septiembre,IMPRESION,F2-3,GUSTAVO HERRERA GUEVARA,06:39,Alta,,CORRECTIVO,,,,,No,,,,,,,,,,"Se mueven registros longitudinales, todos los grupos ",,,,,Solicitado @ 2026-09-03 06:39
89,Cerrado,03/09/2026,Jueves,36,Septiembre,BOLSEO,SDAI 5,RODRIGO ALEJANDRO RODRIGUEZ TINAJERO,07:42,Alta,ELECTRICO,CORRECTIVO,SI,ROBERTO BADILLO / MAURICIO SANTES,03/09/2026,07:43,Sí,03/09/2026,08:54,03/09/2026,07:53,11,0.18,61,1.02,1.2,Falla temperatura ,Se cambian cables dañados y se cambia fusible se hacen pruebas ,,1°,,Solicitado @ 2026-09-03 07:42 → Asignado (ROBERTO BADILLO/MAURICIO SANTES) @ 2026-09-03 07:43 → Confirmado en sitio (ROBERTO BADILLO/MAURICIO SANTES) @ 2026-09-03 07:53 → Cerrado @ 2026-09-03 08:54
90,Cerrado,03/09/2026,Jueves,36,Septiembre,BOLSEO,SDAI 11,RODRIGO ALEJANDRO RODRIGUEZ TINAJERO,07:45,Alta,ELECTRICO,CORRECTIVO,SI,ALEJANDRO RODRIGUEZ TINAJERO / VICTOR ALFARO,03/09/2026,07:46,Sí,03/09/2026,08:50,03/09/2026,07:48,3,0.05,62,1.03,1.08,Falla zona de temperatura ,Falla variación se cambia sensor de temperatura y se calibra ,,1°,,Solicitado @ 2026-09-03 07:45 → Asignado (ALEJANDRO RODRIGUEZ TINAJERO/VICTOR ALFARO) @ 2026-09-03 07:46 → Confirmado en sitio (ALEJANDRO RODRIGUEZ TINAJERO/VICTOR ALFARO) @ 2026-09-03 07:48 → Cerrado @ 2026-09-03 08:49 → Cerrado @ 2026-09-03 08:50
91,Cerrado,03/09/2026,Jueves,36,Septiembre,IMPRESION,F4-1,RODRIGO ALEJANDRO RODRIGUEZ TINAJERO,08:51,Alta,ELECTRICO,CORRECTIVO,SI,ALEJANDRO RODRIGUEZ TINAJERO / VICTOR ALFARO,03/09/2026,08:51,Sí,03/09/2026,10:50,03/09/2026,08:52,1,0.02,118,1.97,1.99,Falla botonera Pupitre ,Se repara botonera y se cambian cables dañados se colocan botones nuevos ,,1°,,Solicitado @ 2026-09-03 08:51 → Asignado (ALEJANDRO RODRIGUEZ TINAJERO/VICTOR ALFARO) @ 2026-09-03 08:51 → Confirmado en sitio (ALEJANDRO RODRIGUEZ TINAJERO/VICTOR ALFARO) @ 2026-09-03 08:52 → Cerrado @ 2026-09-03 10:50
92,Cerrado,03/09/2026,Jueves,36,Septiembre,REFINADO,KMEC,RODRIGO ALEJANDRO RODRIGUEZ TINAJERO,09:43,Alta,MECANICO,CORRECTIVO,SI,ROBERTO BADILLO / MAURICIO SANTES,03/09/2026,09:43,Sí,03/09/2026,10:46,03/09/2026,09:44,1,0.02,62,1.03,1.05,Polea del desbobinador ,Se monta Polea del desbobinador y se ajusta tensión ,,1°,,Solicitado @ 2026-09-03 09:43 → Asignado (ROBERTO BADILLO/MAURICIO SANTES) @ 2026-09-03 09:43 → Confirmado en sitio (ROBERTO BADILLO/MAURICIO SANTES) @ 2026-09-03 09:44 → Cerrado @ 2026-09-03 10:46
93,Pendiente,03/09/2026,Jueves,36,Septiembre,IMPRESION,F2-2,Jose Rodriguez ,10:33,Alta,,CORRECTIVO,,,,,No,,,,,,,,,,"Bomba tintero 8 no yena bien hace u vacío
",,,,,Solicitado @ 2026-09-03 10:33
94,Cerrado,03/09/2026,Jueves,36,Septiembre,BOLSEO,Lámparas de emergencia ,RODRIGO ALEJANDRO RODRIGUEZ TINAJERO,10:48,Alta,ELECTRICO,CORRECTIVO,SI,ROBERTO BADILLO / MAURICIO SANTES,03/09/2026,10:48,Sí,03/09/2026,12:09,03/09/2026,10:49,1,0.02,80,1.33,1.35,Cambiar Lámparas de emergencia ,Se colocan lámparas de emergencia y se retiraron las dañadas,,1°,,Solicitado @ 2026-09-03 10:48 → Asignado (ROBERTO BADILLO/MAURICIO SANTES) @ 2026-09-03 10:48 → Confirmado en sitio (ROBERTO BADILLO/MAURICIO SANTES) @ 2026-09-03 10:49 → Cerrado @ 2026-09-03 12:09
95,Cerrado,03/09/2026,Jueves,36,Septiembre,BOLSEO,Maquina D,RODRIGO ALEJANDRO RODRIGUEZ TINAJERO,11:21,Alta,ELECTRICO,CORRECTIVO,SI,VICTOR ALFARO,03/09/2026,11:26,Sí,03/09/2026,14:31,03/09/2026,11:34,13,0.22,177,2.95,3.17,"Tablero de control
Motor principal y servos",Se colocan y se cablean variadores en. Gabinete.,,1°,,Solicitado @ 2026-09-03 11:21 → Asignado (VICTOR ALFARO) @ 2026-09-03 11:26 → Confirmado en sitio (VICTOR ALFARO) @ 2026-09-03 11:34 → Cerrado @ 2026-09-03 14:31
96,Cerrado,03/09/2026,Jueves,36,Septiembre,BOLSEO,GF,RODRIGO ALEJANDRO RODRIGUEZ TINAJERO,11:23,Alta,ELECTRICO,CORRECTIVO,NO,ALEJANDRO RODRIGUEZ TINAJERO,03/09/2026,11:24,Sí,03/09/2026,14:33,03/09/2026,11:24,1,0.02,189,3.15,3.17,Falla tarjeta clutch Freno ,Se reviza tarjeta se repara se hacen pruebas y queda pendiente por refacciones electrónicas ,,1°,,Solicitado @ 2026-09-03 11:23 → Asignado (ALEJANDRO RODRIGUEZ TINAJERO) @ 2026-09-03 11:24 → Confirmado en sitio (ALEJANDRO RODRIGUEZ TINAJERO) @ 2026-09-03 11:24 → Cerrado @ 2026-09-03 14:33 → Cerrado @ 2026-09-03 14:33
97,Pendiente,03/09/2026,Jueves,36,Septiembre,BOLSEO,SDAI 8,Angel lozano ,13:05,Alta,,CORRECTIVO,,,,,No,,,,,,,,,,No perfora  se necesita checar poner otra bobina para abastecer los perforadores ,,,,,Solicitado @ 2026-09-03 13:05
98,Pendiente,03/09/2026,Jueves,36,Septiembre,BOLSEO,SDAI 8,Angel lozano ,13:05,Alta,,CORRECTIVO,,FAUSTINO SOLIS,,,No,,,,,,,,,,No perfora  se necesita checar poner otra bobina para abastecer los perforadores ,,,,,Solicitado @ 2026-09-03 13:05 → Asignado (FAUSTINO SOLIS) @ 2026-09-03 18:12 → Asignación cancelada @ 2026-09-04 07:36
99,Cerrado,03/09/2026,Jueves,36,Septiembre,BOLSEO,GH,RICARDO OMAR OROZCO SILVA,15:07,Alta,MECANICO,CORRECTIVO,SI,ISMAEL BERMUDEZ,03/09/2026,15:40,Sí,03/09/2026,18:30,03/09/2026,15:32,25,0.42,178,2.97,3.39,Cambio de pespunte ,Se realiza cambio de despunte y se ajusta diametro con ingerto postiso ,Disco de despunte ,2°,,Solicitado @ 2026-09-03 15:07 → Asignado (ISMAEL BERMUDEZ) @ 2026-09-03 15:40 → Confirmado en sitio (ISMAEL BERMUDEZ) @ 2026-09-03 15:32 → Cerrado @ 2026-09-03 18:30
100,Pausado,03/09/2026,Jueves,36,Septiembre,BOLSEO,SDAI 8,ALEJANDRO LEAL HERNANDEZ,15:22,Moderada,,CORRECTIVO,,MIGUEL XOLALPA,03/09/2026,15:32,Sí,,,03/09/2026,15:33,11,0.18,,,,modificación de  banco para perforadores ,,,,,Solicitado @ 2026-09-03 15:22 → Asignado (MIGUEL XOLALPA) @ 2026-09-03 15:32 → Confirmado en sitio (MIGUEL XOLALPA) @ 2026-09-03 15:33 → Confirmado en sitio (MIGUEL XOLALPA) @ 2026-09-03 15:33 → Pausado @ 2026-09-03 18:12
101,Pendiente,03/09/2026,Jueves,36,Septiembre,REFINADO,S2DS,EFREN BUENDIA HERNANDEZ,15:59,Baja,,CORRECTIVO,,,,,No,,,,,,,,,,Prueba compu refinado,,,,,Solicitado @ 2026-09-03 15:59
102,Pendiente,03/09/2026,Jueves,36,Septiembre,IMPRESION,F2-1,JUAN ANTONIO HERNANDEZ MARTINEZ,16:08,Alta,,CORRECTIVO,,,,,No,,,,,,,,,,Prueba impresion,,,,,Solicitado @ 2026-09-03 16:08
103,Pendiente,03/09/2026,Jueves,36,Septiembre,IMPRESION,F4-1,JUAN CARLOS SALGADO MANCILLA,16:15,Alta,,CORRECTIVO,,,,,No,,,,,,,,,,PRUEBA 1,,,,,Solicitado @ 2026-09-03 16:15
104,Pendiente,03/09/2026,Jueves,36,Septiembre,BOLSEO,SDAI 2,JORGE LUIS REYNA LEYVA,16:24,Alta,,CORRECTIVO,,MIGUEL XOLALPA,,,No,,,,,,,,,,Se solicita revisión/cambio de los baleros de los rodillos principales ,,,,,Solicitado @ 2026-09-03 16:24 → Asignado (MIGUEL XOLALPA) @ 2026-09-03 18:13 → Asignación cancelada @ 2026-09-04 07:36
105,Pendiente,03/09/2026,Jueves,36,Septiembre,BOLSEO,SDAI 2,JORGE LUIS REYNA LEYVA,16:24,Alta,,CORRECTIVO,,VICTOR ALFARO,,,No,,,,,,,,,,Se solicita revisión/cambio de los baleros de los rodillos principales ,,,,,Solicitado @ 2026-09-03 16:24 → Asignado (VICTOR ALFARO) @ 2026-09-03 17:22 → Asignación cancelada @ 2026-09-04 07:36
106,Pendiente,03/09/2026,Jueves,36,Septiembre,REFINADO,S2DS,EFREN BUENDIA HERNANDEZ,16:52,Alta,,CORRECTIVO,,,,,No,,,,,,,,,,Prueba refinado,,,,,Solicitado @ 2026-09-03 16:52
107,Pendiente,04/09/2026,Viernes,36,Septiembre,BOLSEO,GG,JOSE JOAQUIN BERNAL EVARISTO,07:46,Alta,,CORRECTIVO,,,,,No,,,,,,,,,,Se sale leva de la placa del sellado ,,,,,Solicitado @ 2026-09-04 07:46
108,Cerrado,04/09/2026,Viernes,36,Septiembre,BOLSEO,GG,JOSE JOAQUIN BERNAL EVARISTO,07:46,Alta,MECANICO,CORRECTIVO,SI,CASTRO MENDOZA PAMELA YOSELIN / MAURICIO SANTES,04/09/2026,08:05,Sí,04/09/2026,11:26,04/09/2026,08:15,29,0.48,191,3.18,3.66,Se sale leva de la placa del sellado ,Se reviza guía de leva. Se repara y se ajusta tensión ,,1°,,Solicitado @ 2026-09-04 07:46 → Asignado (CASTRO MENDOZA PAMELA YOSELIN/MAURICIO SANTES) @ 2026-09-04 08:05 → Confirmado en sitio (CASTRO MENDOZA PAMELA YOSELIN/MAURICIO SANTES) @ 2026-09-04 08:15 → Confirmado en sitio (CASTRO MENDOZA PAMELA YOSELIN/MAURICIO SANTES) @ 2026-09-04 08:15 → Confirmado en sitio (CASTRO MENDOZA PAMELA YOSELIN/MAURICIO SANTES) @ 2026-09-04 08:15 → Confirmado en sitio (CASTRO MENDOZA PAMELA YOSELIN/MAURICIO SANTES) @ 2026-09-04 08:15 → Cerrado @ 2026-09-04 11:26
109,Cerrado,04/09/2026,Viernes,36,Septiembre,REFINADO,S2DS,RODRIGO ALEJANDRO RODRIGUEZ TINAJERO,08:07,Alta,MECANICO,CORRECTIVO,SI,ROBERTO BADILLO / VICTOR ALFARO,04/09/2026,08:07,Sí,04/09/2026,13:21,04/09/2026,08:09,2,0.03,312,5.2,5.23,Falla soporte de Rodillo desbobinador ,Se repara pieza del freno. Se sacan tornillos rotos se reconstruye base del Balero. Se cambia Balero de carga y se coloca en la. MAQUINA ,,1°,,Solicitado @ 2026-09-04 08:07 → Asignado (ROBERTO BADILLO/VICTOR ALFARO) @ 2026-09-04 08:07 → Confirmado en sitio (ROBERTO BADILLO/VICTOR ALFARO) @ 2026-09-04 08:08 → Confirmado en sitio (ROBERTO BADILLO/VICTOR ALFARO) @ 2026-09-04 08:08 → Confirmado en sitio (ROBERTO BADILLO/VICTOR ALFARO) @ 2026-09-04 08:08 → Confirmado en sitio (ROBERTO BADILLO/VICTOR ALFARO) @ 2026-09-04 08:08 → Confirmado en sitio (ROBERTO BADILLO/VICTOR ALFARO) @ 2026-09-04 08:09 → Pausado @ 2026-09-04 10:56 → Reanudado (ROBERTO BADILLO/VICTOR ALFARO) @ 2026-09-04 12:02 → Cerrado @ 2026-09-04 13:21
110,Pendiente,04/09/2026,Viernes,36,Septiembre,IMPRESION,FLEXO,LUIS ANGEL CRUZ HERNANDEZ,09:55,Moderada,,CORRECTIVO,,,,,No,,,,,,,,,,Soldar una pieza del embobinador,,,,,Solicitado @ 2026-09-04 09:55
111,Pendiente,04/09/2026,Viernes,36,Septiembre,IMPRESION,FLEXO,LUIS ANGEL CRUZ HERNANDEZ,09:56,Moderada,,CORRECTIVO,,,,,No,,,,,,,,,,Soldar una pieza del embobinador,,,,,Solicitado @ 2026-09-04 09:56
112,Cerrado,04/09/2026,Viernes,36,Septiembre,IMPRESION,FLEXO,LUIS ANGEL CRUZ HERNANDEZ,10:48,Moderada,MECANICO,CORRECTIVO,SI,ROBERTO BADILLO / VICTOR ALFARO,04/09/2026,10:57,Sí,04/09/2026,12:01,04/09/2026,10:59,11,0.18,62,1.03,1.21,Soldar una pieza del embobinador ,Se repara base de manija para cambio de rodillo desbobinador ,,1°,,Solicitado @ 2026-09-04 10:48 → Asignado (ROBERTO BADILLO/VICTOR ALFARO) @ 2026-09-04 10:57 → Confirmado en sitio (ROBERTO BADILLO/VICTOR ALFARO) @ 2026-09-04 10:59 → Cerrado @ 2026-09-04 12:01
113,Pendiente,04/09/2026,Viernes,36,Septiembre,IMPRESION,F2-1,EFREN BUENDIA HERNANDEZ,14:39,Alta,,CORRECTIVO,,,,,No,,,,,,,,,,Capacitación supervisores,,,,,Solicitado @ 2026-09-04 14:39
114,Cerrado,04/09/2026,Viernes,36,Septiembre,POUCH,TOTANI 7,AHAU QUITZE CASTILLO LOZANO,17:37,Alta,MECANICO,CORRECTIVO,SI,MIGUEL XOLALPA,04/09/2026,17:49,Sí,04/09/2026,19:56,04/09/2026,18:02,25,0.42,114,1.9,2.32,SE ROMPIO TORNILLO DE PISTON DE LA CUCHLLA ,"Se retira tornillos degollados, se destraba cuchilla de corte y se ajusta pieza de transmisión, se monta y hacen pruebas ",,2°,,Solicitado @ 2026-09-04 17:37 → Asignado (MIGUEL XOLALPA) @ 2026-09-04 17:49 → Confirmado en sitio (MIGUEL XOLALPA) @ 2026-09-04 18:02 → Cerrado @ 2026-09-04 19:56
115,Pendiente,05/09/2026,Sábado,36,Septiembre,BOLSEO,CH2,RODRIGO ALEJANDRO RODRIGUEZ TINAJERO,09:03,Alta,,CORRECTIVO,,,,,No,,,,,,,,,,Problema en troquel,,,,,Solicitado @ 2026-09-05 09:03
116,Cerrado,05/09/2026,Sábado,36,Septiembre,BOLSEO,CH2,RODRIGO ALEJANDRO RODRIGUEZ TINAJERO,09:04,Alta,ELECTRICO,CORRECTIVO,SI,ROBERTO BADILLO / MAURICIO SANTES,05/09/2026,09:05,Sí,05/09/2026,14:02,05/09/2026,09:06,2,0.03,296,4.93,4.96,Problema Troquel ,Se adaptan electrovalvulas se cablean y se conectan al sistema de aire. ,,1°,,Solicitado @ 2026-09-05 09:04 → Asignado (ROBERTO BADILLO/MAURICIO SANTES) @ 2026-09-05 09:05 → Confirmado en sitio (ROBERTO BADILLO/MAURICIO SANTES) @ 2026-09-05 09:06 → Confirmado en sitio (ROBERTO BADILLO/MAURICIO SANTES) @ 2026-09-05 09:06 → Cerrado @ 2026-09-05 14:02
117,Cerrado,05/09/2026,Sábado,36,Septiembre,IMPRESION,Bombas tinta impresion,RODRIGO ALEJANDRO RODRIGUEZ TINAJERO,09:27,Alta,HIDRAULICO,CORRECTIVO,NO,CASTRO MENDOZA PAMELA YOSELIN,05/09/2026,09:28,Sí,05/09/2026,14:03,05/09/2026,09:30,3,0.05,273,4.55,4.6,Reparación de Bombas para tinta ,Se limpian y se reparan bombas de tinta para tener de repuesto en dado caso para su recambio,,1°,,Solicitado @ 2026-09-05 09:27 → Asignado (CASTRO MENDOZA PAMELA YOSELIN) @ 2026-09-05 09:28 → Confirmado en sitio (CASTRO MENDOZA PAMELA YOSELIN) @ 2026-09-05 09:30 → Confirmado en sitio (CASTRO MENDOZA PAMELA YOSELIN) @ 2026-09-05 09:30 → Confirmado en sitio (CASTRO MENDOZA PAMELA YOSELIN) @ 2026-09-05 09:30 → Cerrado @ 2026-09-05 14:03
118,Cerrado,05/09/2026,Sábado,36,Septiembre,IMPRESION,F4-1,RODRIGO ALEJANDRO RODRIGUEZ TINAJERO,10:02,Alta,ELECTRICO,CORRECTIVO,SI,ALEJANDRO RODRIGUEZ TINAJERO,05/09/2026,10:02,Sí,05/09/2026,12:08,05/09/2026,10:03,1,0.02,125,2.08,2.1,Falla en Anilox 1 y 2 ,Se hace limpieza de conectores de cables y conectores de Variadores ,,1°,,Solicitado @ 2026-09-05 10:02 → Asignado (ALEJANDRO RODRIGUEZ TINAJERO) @ 2026-09-05 10:02 → Confirmado en sitio (ALEJANDRO RODRIGUEZ TINAJERO) @ 2026-09-05 10:03 → Confirmado en sitio (ALEJANDRO RODRIGUEZ TINAJERO) @ 2026-09-05 10:03 → Cerrado @ 2026-09-05 12:08
119,Cerrado,05/09/2026,Sábado,36,Septiembre,IMPRESION,F4-2,Juan jose Gonzalez Lara ,15:22,Alta,HIDRAULICO,CORRECTIVO,SI,MIGUEL XOLALPA,05/09/2026,15:34,Sí,05/09/2026,17:06,05/09/2026,15:44,22,0.37,82,1.37,1.74,Falla de bomba unidad 8 ,Se revisa bomba de diafragma y sistema enccontrabdo manguera de succión dañada,"Manguera ¾
2 abrazaderas ",2°,,Solicitado @ 2026-09-05 15:22 → Asignado (MIGUEL XOLALPA) @ 2026-09-05 15:34 → Confirmado en sitio (MIGUEL XOLALPA) @ 2026-09-05 15:44 → Cerrado @ 2026-09-05 17:06
120,Asignado,05/09/2026,Sábado,36,Septiembre,BOLSEO,C,NANCY ESMERALDA LUCIO CHAVEZ,16:28,Alta,,CORRECTIVO,,FAUSTINO SOLIS,05/09/2026,16:50,No,,,,,,,,,,"Se safa la cadena del rodillo principal, y se atora la bolsa..",,,,,Solicitado @ 2026-09-05 16:28 → Asignado (FAUSTINO SOLIS) @ 2026-09-05 16:50
121,Cerrado,05/09/2026,Sábado,36,Septiembre,IMPRESION,F4-2,JUAN JOSE GONZALEZ LARA,22:07,Alta,HIDRAULICO,CORRECTIVO,SI,MIGUEL XOLALPA / ISMAEL BERMUDEZ,05/09/2026,22:17,Sí,05/09/2026,23:42,05/09/2026,22:25,18,0.3,77,1.28,1.58,Falla de bomba del tintero 2,"Se revisa sistema, se revisa bomba, se hace limpieza, se retira tinta seca ",,2°,,Solicitado @ 2026-09-05 22:07 → Asignado (MIGUEL XOLALPA) @ 2026-09-05 22:17 → Confirmado en sitio (MIGUEL XOLALPA) @ 2026-09-05 22:25 → Técnico agregado (ISMAEL BERMUDEZ) @ 2026-09-05 22:57 → Cerrado @ 2026-09-05 23:42
122,Pendiente,06/09/2026,Domingo,36,Septiembre,IMPRESION,F4-3,JUAN JOSE GONZALEZ LARA,09:24,Alta,,CORRECTIVO,,,,,No,,,,,,,,,,Alarma de el desembobinador ,,,,,Solicitado @ 2026-09-06 09:24
123,Pendiente,06/09/2026,Domingo,36,Septiembre,IMPRESION,F4-1,Jose Rodriguez ,20:34,Alta,,CORRECTIVO,,,,,No,,,,,,,,,,Tintero 5 alarmado,,,,,Solicitado @ 2026-09-06 20:34
